{
  "norm_stats": {
    "observation.state": {
      "min": [
        -1.3135812282562256,
        -1.5455085039138794,
        -0.5335633754730225,
        -2.6169207096099854,
        -1.5566819906234741,
        -0.5997125506401062,
        -0.6057528257369995,
        0.0
      ],
      "max": [
        0.5996273756027222,
        0.30312249064445496,
        1.4791076183319092,
        -0.006865294184535742,
        1.5580666065216064,
        1.1146433353424072,
        0.599337100982666,
        0.9992907047271729
      ],
      "mean": [
        -0.23251837956189106,
        -0.25576795043109773,
        0.1606984204319221,
        -1.4467798183730465,
        0.8060671192618226,
        0.4209180828231887,
        0.19920508076800006,
        0.45632216773679146
      ],
      "std": [
        0.3367365071008426,
        0.30736214453029265,
        0.3058948996993356,
        0.6367535380087167,
        0.5888793337233655,
        0.483847633036719,
        0.32603696910705177,
        0.4325027329702285
      ],
      "count": [
        39195
      ],
      "q01": [
        -0.7426722711098755,
        -0.9778376186213706,
        -0.34872111375468745,
        -2.176261100088544,
        -0.5788565413432417,
        -0.43176114067204274,
        -0.4471891893151613,
        0.020455958481453772
      ],
      "q10": [
        -0.624014596167182,
        -0.6727511207537639,
        -0.2206528771651114,
        -2.0562575978502875,
        -0.06323921845566918,
        -0.15262021258718877,
        -0.14943435820183015,
        0.049879922719523316
      ],
      "q50": [
        -0.2504937106272532,
        -0.18810518323730477,
        0.15621337784954795,
        -1.596118055381534,
        1.0019001753016858,
        0.38964643679407,
        0.2335635169124164,
        0.3334537570757151
      ],
      "q90": [
        0.20737684423407038,
        0.0022125124031098955,
        0.5129853810087794,
        -0.43445689307113666,
        1.320428503058955,
        0.983762971291494,
        0.48709447968302283,
        0.9281329886754488
      ],
      "q99": [
        0.38622192952533946,
        0.053424770583540525,
        0.6731712851276679,
        -0.06334550941747737,
        1.4154571889235106,
        1.0397944738468057,
        0.5465893517057214,
        0.9387869278569556
      ]
    },
    "action": {
      "min": [
        -1.3962271213531494,
        -1.4600000381469727,
        -0.46000000834465027,
        -2.6179938316345215,
        -1.570796251296997,
        -0.593411922454834,
        -0.593411922454834,
        0.0
      ],
      "max": [
        0.6000000238418579,
        0.3489956557750702,
        1.569375991821289,
        0.0,
        1.5707963705062866,
        1.1126474142074585,
        0.593411922454834,
        1.0
      ],
      "mean": [
        -0.24610245588847052,
        -0.23593738029827027,
        0.17317012934300405,
        -1.4392711011316266,
        0.8183514166409026,
        0.4257456220686436,
        0.20244638409130902,
        0.4613183184254913
      ],
      "std": [
        0.34810991082843895,
        0.28112760853619095,
        0.33414541552850474,
        0.6171364330772329,
        0.5867065909610958,
        0.4866045258183072,
        0.3301203949784226,
        0.49301825001323824
      ],
      "count": [
        39195
      ],
      "q01": [
        -0.7833899439842376,
        -0.9407218906868058,
        -0.4070179634066035,
        -2.186127873920394,
        -0.589217189830898,
        -0.4407361419153464,
        -0.4589769805542231,
        -1.000000013351432e-10
      ],
      "q10": [
        -0.6501305267797213,
        -0.6046913872766283,
        -0.2639848171582961,
        -2.031005437530039,
        -0.035853118178648176,
        -0.14695231569290707,
        -0.15018214322088633,
        -1.000000013351432e-10
      ],
      "q50": [
        -0.26656775360379137,
        -0.1750971361120645,
        0.18406460827800852,
        -1.5927707166208342,
        1.0125752875155503,
        0.39518137730936387,
        0.23745887735586543,
        0.33051771542698044
      ],
      "q90": [
        0.20619280619087949,
        -0.0044122296160205065,
        0.5460384984725981,
        -0.5084318792086886,
        1.323645742146587,
        0.98790329802354,
        0.49189227677364916,
        0.9957509742188178
      ],
      "q99": [
        0.4028104082623039,
        0.05967141022699985,
        0.7572546882851806,
        -0.056732101032790125,
        1.4259092553014459,
        1.044891705289475,
        0.5498494111251909,
        0.9986863775280733
      ]
    }
  },
  "count": 39195
}
