{
  "norm_stats": {
    "index": {
      "min": [
        0
      ],
      "max": [
        11213
      ],
      "mean": [
        5606.5
      ],
      "std": [
        3237.2029464750385
      ],
      "count": [
        11214
      ],
      "q01": [
        5443.87141930898
      ],
      "q10": [
        5473.68538335287
      ],
      "q50": [
        5606.319116408063
      ],
      "q90": [
        5739.266786256545
      ],
      "q99": [
        5769.12858069102
      ]
    },
    "observation.state": {
      "min": [
        -0.9618144631385803,
        -1.5100411176681519,
        -0.5003752708435059,
        -2.6169207096099854,
        -1.5563021898269653,
        -0.5951352715492249,
        -0.6057528257369995,
        0.0
      ],
      "max": [
        0.5996273756027222,
        0.2600425183773041,
        1.4325621128082275,
        -0.009153622202575207,
        1.55806565284729,
        1.1134986877441406,
        0.599337100982666,
        0.9992907047271729
      ],
      "mean": [
        -0.19239257133378315,
        -0.2757260925148964,
        0.1399701994265172,
        -1.5316683358850167,
        0.7946745299449978,
        0.5201195707448015,
        0.2886866288037383,
        0.4457471024624396
      ],
      "std": [
        0.3016606677309337,
        0.320156933043401,
        0.31021344378717125,
        0.6891216874136824,
        0.612310971999081,
        0.4649062417449231,
        0.3202230601807931,
        0.43326366715357434
      ],
      "count": [
        11214
      ],
      "q01": [
        -0.6700720006344296,
        -1.1062492149652634,
        -0.3543077446872858,
        -2.2645635619145112,
        -0.7017204246281201,
        -0.3886529435613796,
        -0.4790552168689151,
        0.014225415193910471
      ],
      "q10": [
        -0.5433826743645316,
        -0.7545870597268587,
        -0.23161642042348943,
        -2.1667223723228055,
        -0.15117178495178968,
        -0.059776711033883705,
        -0.08892946354773539,
        0.050526114372060525
      ],
      "q50": [
        -0.20104491116069217,
        -0.17625722590569493,
        0.14686954357052562,
        -1.7469647294049198,
        1.0208497429711167,
        0.5050298091307246,
        0.3585268415513107,
        0.2756471543086621
      ],
      "q90": [
        0.17348369121214666,
        -0.0156078543122291,
        0.4777770117907775,
        -0.3665675475581649,
        1.294645696899991,
        1.0382881656318566,
        0.5390950112214288,
        0.9294884616478805
      ],
      "q99": [
        0.3659178340863434,
        0.04529922887499764,
        0.6601193848661724,
        -0.0559684209336378,
        1.4091908356850944,
        1.0924143324302746,
        0.5729995654070268,
        0.940688293502287
      ]
    },
    "frame_index": {
      "min": [
        0
      ],
      "max": [
        460
      ],
      "mean": [
        165.46343855894415
      ],
      "std": [
        102.34763674401486
      ],
      "count": [
        11214
      ],
      "q01": [
        2.8348578679238146
      ],
      "q10": [
        32.64882191181557
      ],
      "q50": [
        165.28255496700544
      ],
      "q90": [
        298.23022481548963
      ],
      "q99": [
        328.09201924996466
      ]
    },
    "observation.images.head_cam_h": {
      "min": [
        [
          [
            0.0
          ]
        ],
        [
          [
            0.0
          ]
        ],
        [
          [
            0.0
          ]
        ]
      ],
      "max": [
        [
          [
            1.0
          ]
        ],
        [
          [
            1.0
          ]
        ],
        [
          [
            1.0
          ]
        ]
      ],
      "mean": [
        [
          [
            0.49446730474542766
          ]
        ],
        [
          [
            0.4970599684187402
          ]
        ],
        [
          [
            0.5037007874031969
          ]
        ]
      ],
      "std": [
        [
          [
            0.00717915333936802
          ]
        ],
        [
          [
            0.006975819847148303
          ]
        ],
        [
          [
            0.006848558436008477
          ]
        ]
      ],
      "count": [
        3500
      ],
      "q01": [
        [
          [
            0.03819700591808093
          ]
        ],
        [
          [
            0.02698492027936536
          ]
        ],
        [
          [
            0.051548572071283126
          ]
        ]
      ],
      "q10": [
        [
          [
            0.12238339908972952
          ]
        ],
        [
          [
            0.114398762175313
          ]
        ],
        [
          [
            0.13242941282065626
          ]
        ]
      ],
      "q50": [
        [
          [
            0.5592045088687682
          ]
        ],
        [
          [
            0.5682814036320214
          ]
        ],
        [
          [
            0.5650208785113274
          ]
        ]
      ],
      "q90": [
        [
          [
            0.6603113806424203
          ]
        ],
        [
          [
            0.6647766479791315
          ]
        ],
        [
          [
            0.6778420401389598
          ]
        ]
      ],
      "q99": [
        [
          [
            0.7745649365703747
          ]
        ],
        [
          [
            0.7738954845282475
          ]
        ],
        [
          [
            0.820156530010155
          ]
        ]
      ]
    },
    "observation.images.wrist_cam_r": {
      "min": [
        [
          [
            0.0
          ]
        ],
        [
          [
            0.0
          ]
        ],
        [
          [
            0.0
          ]
        ]
      ],
      "max": [
        [
          [
            1.0
          ]
        ],
        [
          [
            1.0
          ]
        ],
        [
          [
            1.0
          ]
        ]
      ],
      "mean": [
        [
          [
            0.47838427713242154
          ]
        ],
        [
          [
            0.48375828582413344
          ]
        ],
        [
          [
            0.47150280153237756
          ]
        ]
      ],
      "std": [
        [
          [
            0.005041262934010802
          ]
        ],
        [
          [
            0.0043970705782046945
          ]
        ],
        [
          [
            0.006221629103437134
          ]
        ]
      ],
      "count": [
        3500
      ],
      "q01": [
        [
          [
            0.007995936676048095
          ]
        ],
        [
          [
            0.032206454588763804
          ]
        ],
        [
          [
            0.01410486809018426
          ]
        ]
      ],
      "q10": [
        [
          [
            0.0717908939156627
          ]
        ],
        [
          [
            0.1027628861685577
          ]
        ],
        [
          [
            0.074726699487584
          ]
        ]
      ],
      "q50": [
        [
          [
            0.5696183942499576
          ]
        ],
        [
          [
            0.5653699587584003
          ]
        ],
        [
          [
            0.5629104908802631
          ]
        ]
      ],
      "q90": [
        [
          [
            0.7699433775608001
          ]
        ],
        [
          [
            0.7584202405599465
          ]
        ],
        [
          [
            0.771195462983254
          ]
        ]
      ],
      "q99": [
        [
          [
            0.8656658022825029
          ]
        ],
        [
          [
            0.8608316663102139
          ]
        ],
        [
          [
            0.9249139821947847
          ]
        ]
      ]
    },
    "timestamp": {
      "min": [
        0.0
      ],
      "max": [
        46.0
      ],
      "mean": [
        16.54634385589442
      ],